{
  "index": [
    0.0,
    1.0,
    2.0,
    3.0,
    4.0,
    5.0,
    6.0,
    7.0,
    8.0,
    9.0,
    10.0,
    11.0,
    12.0,
    13.0,
    14.0,
    15.0,
    16.0,
    17.0,
    18.0,
    19.0,
    20.0,
    21.0,
    22.0,
    23.0,
    24.0,
    25.0,
    26.0,
    27.0,
    28.0,
    29.0,
    30.0,
    31.0,
    32.0,
    33.0,
    34.0,
    35.0,
    36.0,
    37.0,
    38.0,
    39.0,
    40.0,
    41.0,
    42.0,
    43.0,
    44.0,
    45.0,
    46.0,
    47.0,
    48.0,
    49.0,
    50.0,
    51.0,
    52.0,
    53.0,
    54.0,
    55.0,
    56.0,
    57.0,
    58.0,
    59.0,
    60.0,
    61.0,
    62.0,
    63.0,
    64.0,
    65.0,
    66.0,
    67.0,
    68.0,
    69.0,
    70.0,
    71.0,
    72.0,
    73.0,
    74.0,
    75.0,
    76.0,
    77.0,
    78.0,
    79.0,
    80.0,
    81.0,
    82.0,
    83.0,
    84.0,
    85.0,
    86.0,
    87.0,
    88.0,
    89.0,
    90.0,
    91.0,
    92.0,
    93.0,
    94.0,
    95.0,
    96.0,
    97.0,
    98.0,
    99.0,
    100.0,
    101.0,
    102.0,
    103.0,
    104.0,
    105.0,
    106.0,
    107.0,
    108.0,
    109.0,
    110.0,
    111.0,
    112.0,
    113.0,
    114.0,
    115.0,
    116.0,
    117.0,
    118.0,
    119.0,
    120.0,
    121.0,
    122.0,
    123.0,
    124.0,
    125.0,
    126.0,
    127.0,
    128.0,
    129.0,
    130.0,
    131.0,
    132.0,
    133.0,
    134.0,
    135.0,
    136.0,
    137.0,
    138.0,
    139.0,
    140.0,
    141.0,
    142.0,
    143.0,
    144.0,
    145.0,
    146.0,
    147.0,
    148.0,
    149.0,
    150.0,
    151.0,
    152.0,
    153.0,
    154.0,
    155.0,
    156.0,
    157.0,
    158.0,
    159.0,
    160.0,
    161.0,
    162.0,
    163.0,
    164.0,
    165.0,
    166.0,
    167.0,
    168.0,
    169.0,
    170.0,
    171.0,
    172.0,
    173.0,
    174.0,
    175.0,
    176.0,
    177.0,
    178.0,
    179.0
  ],
  "hue": [
    0.010121680861095227,
    2.507849569151444e-05,
    0.0008376217560965824,
    4.0125593106423105e-05,
    0.0018959342742784916,
    0.04702719512072788,
    0.0010934224121500295,
    0.005020714837441191,
    0.0011034538104266354,
    0.004930432252951739,
    0.013818251126024457,
    0.07915776380069618,
    0.019982545366998707,
    0.00825082508250825,
    0.008376217560965822,
    0.0066207228625598125,
    0.015929860463249974,
    0.04458454964037437,
    0.015488478939079318,
    0.00032100474485138484,
    0.3317182782107998,
    0.007779349363507779,
    0.0013391916699268711,
    0.0015949923259803184,
    0.1328207288813988,
    0.04756387492852629,
    0.00809533840922086,
    0.0016250865208101357,
    0.0020363738501509724,
    0.0008326060569582794,
    0.08783993900909848,
    5.015699138302888e-05,
    0.0031950003510989398,
    0.0014144271570014145,
    0.0026683519415771364,
    0.007834522054029111,
    0.03417697392839588,
    0.0,
    4.0125593106423105e-05,
    0.00010031398276605776,
    7.021978793624044e-05,
    0.0008576845526497938,
    0.005572441742654508,
    0.0002156750629470242,
    0.0,
    0.0014695998475227462,
    0.0,
    0.0006119152948729523,
    0.0,
    0.0,
    0.008080291311805952,
    0.0,
    0.0,
    0.00011536108018096642,
    0.0,
    0.0,
    0.00024075355863853863,
    1.0031398276605776e-05,
    0.0,
    0.0,
    0.0005116013121068946,
    0.0,
    0.0,
    0.0,
    0.0,
    0.0,
    0.0,
    0.0,
    0.0,
    0.0,
    0.0003360518422662935,
    0.0,
    0.0,
    5.015699138302888e-06,
    0.0,
    0.00019561226639381265,
    0.0,
    0.0,
    0.0,
    0.0,
    0.0,
    0.0,
    0.0,
    0.0,
    1.5047097414908664e-05,
    0.0,
    0.0,
    0.0,
    0.0,
    0.0,
    0.0,
    0.0,
    0.0,
    0.0,
    0.0,
    0.0,
    0.0,
    0.0,
    0.0,
    0.0,
    0.0,
    0.0,
    0.0,
    0.0,
    0.0,
    0.0,
    0.0,
    0.0,
    0.0,
    0.0,
    0.0001655180715639953,
    0.0,
    0.0,
    0.0,
    5.015699138302888e-06,
    0.0,
    0.0,
    0.0,
    0.0,
    0.0,
    9.529828362775488e-05,
    0.0,
    0.0,
    0.0,
    0.0,
    1.0031398276605776e-05,
    0.0,
    0.0,
    0.0,
    0.0,
    0.0,
    0.0,
    0.0,
    0.0,
    0.0,
    1.5047097414908664e-05,
    0.0,
    0.0,
    0.0,
    0.0,
    0.0,
    0.0,
    0.0,
    0.0,
    0.0,
    0.0,
    3.009419482981733e-05,
    0.0,
    0.0,
    0.0,
    0.0007724176672986448,
    0.0,
    0.0,
    0.0,
    0.0,
    1.0031398276605776e-05,
    0.0,
    0.0,
    0.0,
    0.0,
    0.0002056436646704184,
    0.0,
    0.0,
    0.0,
    0.0,
    0.00035611463881950504,
    1.0031398276605776e-05,
    0.0,
    5.015699138302888e-06,
    1.5047097414908664e-05,
    0.01759507257716653,
    0.0004514129224472599,
    0.0,
    0.0002106593638087213,
    0.002999388084705127,
    0.0003310361431279906,
    0.0003711617362344137,
    0.0004363658250323513,
    0.00019561226639381265,
    5.517269052133177e-05
  ]
}