{
  "index": [
    0.0,
    1.0,
    2.0,
    3.0,
    4.0,
    5.0,
    6.0,
    7.0,
    8.0,
    9.0,
    10.0,
    11.0,
    12.0,
    13.0,
    14.0,
    15.0,
    16.0,
    17.0,
    18.0,
    19.0,
    20.0,
    21.0,
    22.0,
    23.0,
    24.0,
    25.0,
    26.0,
    27.0,
    28.0,
    29.0,
    30.0,
    31.0,
    32.0,
    33.0,
    34.0,
    35.0,
    36.0,
    37.0,
    38.0,
    39.0,
    40.0,
    41.0,
    42.0,
    43.0,
    44.0,
    45.0,
    46.0,
    47.0,
    48.0,
    49.0,
    50.0,
    51.0,
    52.0,
    53.0,
    54.0,
    55.0,
    56.0,
    57.0,
    58.0,
    59.0,
    60.0,
    61.0,
    62.0,
    63.0,
    64.0,
    65.0,
    66.0,
    67.0,
    68.0,
    69.0,
    70.0,
    71.0,
    72.0,
    73.0,
    74.0,
    75.0,
    76.0,
    77.0,
    78.0,
    79.0,
    80.0,
    81.0,
    82.0,
    83.0,
    84.0,
    85.0,
    86.0,
    87.0,
    88.0,
    89.0,
    90.0,
    91.0,
    92.0,
    93.0,
    94.0,
    95.0,
    96.0,
    97.0,
    98.0,
    99.0,
    100.0,
    101.0,
    102.0,
    103.0,
    104.0,
    105.0,
    106.0,
    107.0,
    108.0,
    109.0,
    110.0,
    111.0,
    112.0,
    113.0,
    114.0,
    115.0,
    116.0,
    117.0,
    118.0,
    119.0,
    120.0,
    121.0,
    122.0,
    123.0,
    124.0,
    125.0,
    126.0,
    127.0,
    128.0,
    129.0,
    130.0,
    131.0,
    132.0,
    133.0,
    134.0,
    135.0,
    136.0,
    137.0,
    138.0,
    139.0,
    140.0,
    141.0,
    142.0,
    143.0,
    144.0,
    145.0,
    146.0,
    147.0,
    148.0,
    149.0,
    150.0,
    151.0,
    152.0,
    153.0,
    154.0,
    155.0,
    156.0,
    157.0,
    158.0,
    159.0,
    160.0,
    161.0,
    162.0,
    163.0,
    164.0,
    165.0,
    166.0,
    167.0,
    168.0,
    169.0,
    170.0,
    171.0,
    172.0,
    173.0,
    174.0,
    175.0,
    176.0,
    177.0,
    178.0,
    179.0
  ],
  "hue": [
    0.003972476413421295,
    0.00021281123643328368,
    0.0011704618003830602,
    0.0007448393275164928,
    0.003404979782932539,
    0.0028729516918493295,
    0.0029793573100659713,
    0.004752784280343336,
    0.005142938213804356,
    0.0072355820387316454,
    0.01003759665176988,
    0.015854437114279633,
    0.019011137121373343,
    0.019507696673051005,
    0.02309001915301128,
    0.027736397815137974,
    0.03341136412002554,
    0.03702915513939136,
    0.03851883379442435,
    0.04085975739519047,
    0.044229268638717456,
    0.052138752926154504,
    0.04025679222529616,
    0.04124991132865149,
    0.04859189898559977,
    0.04536426189969497,
    0.04770518550046109,
    0.0391572675037242,
    0.037986805703341134,
    0.038767113570263176,
    0.04458395403277293,
    0.023019082074200184,
    0.03295027310775342,
    0.017273178690501524,
    0.023657515783500036,
    0.020181598921756402,
    0.020146130382350854,
    0.011598212385613961,
    0.00925728878484784,
    0.009434631481875577,
    0.011278995530964035,
    0.009860253954742144,
    0.009044477548414556,
    0.007022770802298362,
    0.005533092147265376,
    0.004752784280343336,
    0.0024473292189827623,
    0.0009221820245442293,
    0.0010640561821664183,
    0.0001773426970277364,
    0.0003901539334610201,
    0.0001773426970277364,
    0.00014187415762218912,
    0.00021281123643328368,
    0.00010640561821664184,
    7.093707881109456e-05,
    0.00010640561821664184,
    0.0,
    3.546853940554728e-05,
    3.546853940554728e-05,
    0.0006739022487053983,
    0.0,
    0.0,
    0.0,
    0.0,
    0.0,
    0.0,
    0.0,
    0.0,
    0.0,
    0.0,
    0.0,
    0.0,
    0.0,
    0.0,
    0.0,
    0.0,
    0.0,
    0.0,
    0.0,
    0.0,
    0.0,
    0.0,
    0.0,
    0.0,
    0.0,
    0.0,
    0.0,
    0.0,
    0.0,
    0.0,
    0.0,
    0.0,
    0.0,
    0.0,
    0.0,
    0.0,
    0.0,
    0.0,
    0.0,
    0.0,
    0.0,
    0.0,
    0.0,
    0.0,
    0.0,
    0.0,
    0.0,
    0.0,
    0.0,
    0.0,
    0.0,
    0.0,
    0.0,
    0.0,
    0.0,
    0.0,
    0.0,
    0.0,
    0.0,
    0.0,
    0.0,
    0.0,
    0.0,
    0.0,
    0.0,
    0.0,
    0.0,
    0.0,
    0.0,
    0.0,
    0.0,
    0.0,
    0.0,
    0.0,
    0.0,
    0.0,
    0.0,
    0.0,
    0.0,
    0.0,
    0.0,
    0.0,
    0.0,
    0.0,
    0.0,
    0.0,
    0.0,
    0.0,
    0.0,
    0.0,
    0.0,
    0.0,
    0.0,
    0.0,
    0.0,
    0.0,
    0.0,
    3.546853940554728e-05,
    0.0,
    0.0,
    0.0,
    3.546853940554728e-05,
    3.546853940554728e-05,
    3.546853940554728e-05,
    0.0,
    0.0,
    0.0,
    3.546853940554728e-05,
    0.0,
    3.546853940554728e-05,
    0.0,
    0.0,
    0.00010640561821664184,
    7.093707881109456e-05,
    0.0,
    0.0,
    0.00024827977583883096,
    7.093707881109456e-05,
    0.00014187415762218912
  ]
}