{
  "index": [
    0.0,
    1.0,
    2.0,
    3.0,
    4.0,
    5.0,
    6.0,
    7.0,
    8.0,
    9.0,
    10.0,
    11.0,
    12.0,
    13.0,
    14.0,
    15.0,
    16.0,
    17.0,
    18.0,
    19.0,
    20.0,
    21.0,
    22.0,
    23.0,
    24.0,
    25.0,
    26.0,
    27.0,
    28.0,
    29.0,
    30.0,
    31.0,
    32.0,
    33.0,
    34.0,
    35.0,
    36.0,
    37.0,
    38.0,
    39.0,
    40.0,
    41.0,
    42.0,
    43.0,
    44.0,
    45.0,
    46.0,
    47.0,
    48.0,
    49.0,
    50.0,
    51.0,
    52.0,
    53.0,
    54.0,
    55.0,
    56.0,
    57.0,
    58.0,
    59.0,
    60.0,
    61.0,
    62.0,
    63.0,
    64.0,
    65.0,
    66.0,
    67.0,
    68.0,
    69.0,
    70.0,
    71.0,
    72.0,
    73.0,
    74.0,
    75.0,
    76.0,
    77.0,
    78.0,
    79.0,
    80.0,
    81.0,
    82.0,
    83.0,
    84.0,
    85.0,
    86.0,
    87.0,
    88.0,
    89.0,
    90.0,
    91.0,
    92.0,
    93.0,
    94.0,
    95.0,
    96.0,
    97.0,
    98.0,
    99.0,
    100.0,
    101.0,
    102.0,
    103.0,
    104.0,
    105.0,
    106.0,
    107.0,
    108.0,
    109.0,
    110.0,
    111.0,
    112.0,
    113.0,
    114.0,
    115.0,
    116.0,
    117.0,
    118.0,
    119.0,
    120.0,
    121.0,
    122.0,
    123.0,
    124.0,
    125.0,
    126.0,
    127.0,
    128.0,
    129.0,
    130.0,
    131.0,
    132.0,
    133.0,
    134.0,
    135.0,
    136.0,
    137.0,
    138.0,
    139.0,
    140.0,
    141.0,
    142.0,
    143.0,
    144.0,
    145.0,
    146.0,
    147.0,
    148.0,
    149.0,
    150.0,
    151.0,
    152.0,
    153.0,
    154.0,
    155.0,
    156.0,
    157.0,
    158.0,
    159.0,
    160.0,
    161.0,
    162.0,
    163.0,
    164.0,
    165.0,
    166.0,
    167.0,
    168.0,
    169.0,
    170.0,
    171.0,
    172.0,
    173.0,
    174.0,
    175.0,
    176.0,
    177.0,
    178.0,
    179.0
  ],
  "hue": [
    0.03840476190476191,
    0.005195238095238096,
    0.014028571428571428,
    0.016685714285714286,
    0.03582857142857143,
    0.04812380952380953,
    0.056433333333333335,
    0.0739,
    0.08922380952380952,
    0.08728571428571429,
    0.08625238095238096,
    0.07934285714285715,
    0.06538095238095239,
    0.05289523809523809,
    0.052461904761904765,
    0.03237142857142857,
    0.02897142857142857,
    0.019804761904761905,
    0.014895238095238095,
    0.010695238095238094,
    0.019985714285714287,
    0.012423809523809524,
    0.006671428571428571,
    0.004338095238095238,
    0.0057904761904761905,
    0.004252380952380953,
    0.003638095238095238,
    0.0010380952380952381,
    0.0010761904761904762,
    0.0012761904761904761,
    0.006180952380952381,
    0.0002666666666666667,
    0.001419047619047619,
    0.0004333333333333333,
    0.0010761904761904762,
    0.000580952380952381,
    0.0008333333333333334,
    7.619047619047618e-05,
    0.00021428571428571427,
    0.00032857142857142856,
    0.0002238095238095238,
    0.00019047619047619048,
    0.00023333333333333333,
    4.2857142857142856e-05,
    9.523809523809523e-06,
    8.095238095238095e-05,
    0.0,
    1.9047619047619046e-05,
    4.7619047619047615e-06,
    0.0,
    0.00011428571428571428,
    9.523809523809523e-06,
    1.4285714285714285e-05,
    3.809523809523809e-05,
    0.0,
    1.9047619047619046e-05,
    1.4285714285714285e-05,
    0.0,
    0.0,
    0.0,
    0.0001238095238095238,
    0.0,
    0.0,
    0.0,
    0.0,
    0.0,
    0.0,
    0.0,
    0.0,
    1.4285714285714285e-05,
    4.7619047619047615e-06,
    9.523809523809523e-06,
    1.4285714285714285e-05,
    4.7619047619047615e-06,
    0.0,
    0.00011904761904761905,
    0.0,
    0.0,
    4.7619047619047615e-06,
    0.0,
    9.523809523809523e-06,
    0.0,
    0.0,
    0.0,
    1.4285714285714285e-05,
    0.0,
    0.0,
    0.0,
    0.0,
    0.0,
    0.0,
    0.0,
    0.0,
    0.0,
    0.0,
    9.523809523809523e-06,
    0.0,
    0.0,
    0.0,
    0.0,
    0.0,
    5.238095238095238e-05,
    0.0,
    4.7619047619047615e-06,
    0.0,
    2.380952380952381e-05,
    0.0,
    0.0,
    1.9047619047619046e-05,
    0.0,
    6.19047619047619e-05,
    0.0,
    0.0,
    0.0,
    5.238095238095238e-05,
    3.809523809523809e-05,
    1.4285714285714285e-05,
    0.0,
    0.0,
    0.0,
    0.0003380952380952381,
    0.0,
    0.0,
    0.0,
    0.0,
    9.523809523809523e-06,
    3.809523809523809e-05,
    0.0,
    4.7619047619047615e-06,
    0.0,
    1.9047619047619046e-05,
    0.0,
    3.809523809523809e-05,
    0.0,
    0.0,
    5.238095238095238e-05,
    0.0,
    0.0,
    4.7619047619047615e-06,
    0.0,
    0.0004619047619047619,
    0.0,
    0.0,
    0.00020476190476190477,
    0.0,
    4.7619047619047615e-06,
    1.9047619047619046e-05,
    0.0,
    0.0,
    0.0,
    0.0003523809523809524,
    0.0,
    0.0,
    6.19047619047619e-05,
    3.809523809523809e-05,
    0.0,
    4.7619047619047615e-06,
    4.7619047619047615e-06,
    0.0,
    9.047619047619048e-05,
    0.0005047619047619048,
    7.619047619047618e-05,
    2.857142857142857e-05,
    0.0001761904761904762,
    1.9047619047619046e-05,
    0.0033904761904761903,
    1.9047619047619046e-05,
    7.619047619047618e-05,
    3.3333333333333335e-05,
    0.00023333333333333333,
    0.0014142857142857143,
    0.0006857142857142857,
    0.0001380952380952381,
    0.0008523809523809523,
    0.0020047619047619046,
    0.0009047619047619047,
    0.0007333333333333333,
    0.0016904761904761904,
    0.002080952380952381,
    0.0015
  ]
}