{
  "index": [
    0.0,
    1.0,
    2.0,
    3.0,
    4.0,
    5.0,
    6.0,
    7.0,
    8.0,
    9.0,
    10.0,
    11.0,
    12.0,
    13.0,
    14.0,
    15.0,
    16.0,
    17.0,
    18.0,
    19.0,
    20.0,
    21.0,
    22.0,
    23.0,
    24.0,
    25.0,
    26.0,
    27.0,
    28.0,
    29.0,
    30.0,
    31.0,
    32.0,
    33.0,
    34.0,
    35.0,
    36.0,
    37.0,
    38.0,
    39.0,
    40.0,
    41.0,
    42.0,
    43.0,
    44.0,
    45.0,
    46.0,
    47.0,
    48.0,
    49.0,
    50.0,
    51.0,
    52.0,
    53.0,
    54.0,
    55.0,
    56.0,
    57.0,
    58.0,
    59.0,
    60.0,
    61.0,
    62.0,
    63.0,
    64.0,
    65.0,
    66.0,
    67.0,
    68.0,
    69.0,
    70.0,
    71.0,
    72.0,
    73.0,
    74.0,
    75.0,
    76.0,
    77.0,
    78.0,
    79.0,
    80.0,
    81.0,
    82.0,
    83.0,
    84.0,
    85.0,
    86.0,
    87.0,
    88.0,
    89.0,
    90.0,
    91.0,
    92.0,
    93.0,
    94.0,
    95.0,
    96.0,
    97.0,
    98.0,
    99.0,
    100.0,
    101.0,
    102.0,
    103.0,
    104.0,
    105.0,
    106.0,
    107.0,
    108.0,
    109.0,
    110.0,
    111.0,
    112.0,
    113.0,
    114.0,
    115.0,
    116.0,
    117.0,
    118.0,
    119.0,
    120.0,
    121.0,
    122.0,
    123.0,
    124.0,
    125.0,
    126.0,
    127.0,
    128.0,
    129.0,
    130.0,
    131.0,
    132.0,
    133.0,
    134.0,
    135.0,
    136.0,
    137.0,
    138.0,
    139.0,
    140.0,
    141.0,
    142.0,
    143.0,
    144.0,
    145.0,
    146.0,
    147.0,
    148.0,
    149.0,
    150.0,
    151.0,
    152.0,
    153.0,
    154.0,
    155.0,
    156.0,
    157.0,
    158.0,
    159.0,
    160.0,
    161.0,
    162.0,
    163.0,
    164.0,
    165.0,
    166.0,
    167.0,
    168.0,
    169.0,
    170.0,
    171.0,
    172.0,
    173.0,
    174.0,
    175.0,
    176.0,
    177.0,
    178.0,
    179.0
  ],
  "hue": [
    0.021723809523809524,
    0.0002,
    0.001561904761904762,
    0.0010285714285714286,
    0.0057809523809523805,
    0.008295238095238095,
    0.00439047619047619,
    0.011742857142857143,
    0.015314285714285714,
    0.02219047619047619,
    0.03367619047619048,
    0.04495238095238095,
    0.042704761904761905,
    0.04102857142857143,
    0.0444,
    0.03764761904761905,
    0.03495238095238095,
    0.03793333333333333,
    0.02880952380952381,
    0.022352380952380953,
    0.061771428571428574,
    0.05901904761904762,
    0.021066666666666668,
    0.019057142857142856,
    0.026114285714285715,
    0.029304761904761906,
    0.03060952380952381,
    0.005352380952380952,
    0.002980952380952381,
    0.005619047619047619,
    0.08602857142857143,
    0.0001619047619047619,
    0.011438095238095239,
    0.01400952380952381,
    0.026933333333333333,
    0.03218095238095238,
    0.022323809523809524,
    0.002657142857142857,
    0.005714285714285714,
    0.00817142857142857,
    0.004857142857142857,
    0.0030666666666666668,
    0.010857142857142857,
    0.0020285714285714286,
    0.00031428571428571427,
    0.007485714285714286,
    0.0002666666666666667,
    0.0009714285714285714,
    0.0017047619047619047,
    0.00025714285714285715,
    0.00620952380952381,
    0.00010476190476190476,
    5.714285714285714e-05,
    0.004428571428571428,
    3.809523809523809e-05,
    6.666666666666667e-05,
    0.0006857142857142857,
    0.0,
    0.0,
    0.0,
    0.0037142857142857142,
    0.0,
    0.0,
    6.666666666666667e-05,
    0.00011428571428571428,
    0.00038095238095238096,
    1.9047619047619046e-05,
    1.9047619047619046e-05,
    0.0,
    0.0009333333333333333,
    0.0024095238095238093,
    3.809523809523809e-05,
    0.0001238095238095238,
    0.0001619047619047619,
    0.0,
    0.0012095238095238094,
    0.0,
    0.0,
    9.523809523809524e-05,
    5.714285714285714e-05,
    0.0014761904761904762,
    1.9047619047619046e-05,
    9.523809523809523e-06,
    9.523809523809523e-06,
    0.00045714285714285713,
    0.00014285714285714287,
    2.857142857142857e-05,
    9.523809523809523e-06,
    0.0,
    0.0,
    0.0003333333333333333,
    0.0,
    9.523809523809523e-06,
    0.0,
    2.857142857142857e-05,
    8.571428571428571e-05,
    0.0,
    0.0,
    9.523809523809523e-06,
    0.0,
    6.666666666666667e-05,
    4.761904761904762e-05,
    0.0,
    9.523809523809523e-06,
    0.0,
    0.00029523809523809526,
    0.0,
    9.523809523809523e-06,
    9.523809523809523e-06,
    0.0,
    0.00029523809523809526,
    0.0,
    0.0,
    0.00017142857142857143,
    6.666666666666667e-05,
    8.571428571428571e-05,
    0.0,
    0.0,
    0.0,
    0.0,
    0.0031904761904761906,
    0.0,
    0.0,
    0.0,
    3.809523809523809e-05,
    0.0003238095238095238,
    0.00025714285714285715,
    9.523809523809523e-06,
    0.0,
    4.761904761904762e-05,
    0.00014285714285714287,
    0.0,
    0.0001619047619047619,
    0.0,
    0.0,
    1.9047619047619046e-05,
    0.0,
    0.0,
    1.9047619047619046e-05,
    0.0,
    0.00037142857142857143,
    0.0,
    0.0,
    0.00029523809523809526,
    0.0,
    0.0,
    9.523809523809523e-06,
    0.0,
    0.0,
    0.0,
    0.00042857142857142855,
    0.0,
    0.0,
    1.9047619047619046e-05,
    0.0,
    0.0,
    0.0,
    0.0,
    0.0,
    3.809523809523809e-05,
    0.0006095238095238095,
    1.9047619047619046e-05,
    9.523809523809523e-06,
    1.9047619047619046e-05,
    0.0,
    0.0013523809523809523,
    2.857142857142857e-05,
    0.0,
    9.523809523809523e-06,
    8.571428571428571e-05,
    0.0020095238095238096,
    0.00017142857142857143,
    9.523809523809524e-05,
    0.0003904761904761905,
    0.0006380952380952381,
    0.00025714285714285715,
    0.0001238095238095238,
    0.0007904761904761905,
    0.0002380952380952381,
    0.0001619047619047619
  ]
}